{
	"start":	{
		"connected":	[{
				"socket":	7,
				"local_host":	"172.2.7.2",
				"local_port":	54730,
				"remote_host":	"172.2.9.2",
				"remote_port":	4545
			}],
		"version":	"iperf 3.11",
		"system_info":	"Linux jainam-virtual-machine 5.19.0-23-generic #24-Ubuntu SMP PREEMPT_DYNAMIC Fri Oct 14 15:40:27 UTC 2022 aarch64",
		"timestamp":	{
			"time":	"Wed, 23 Nov 2022 08:27:05 GMT",
			"timesecs":	1669192025
		},
		"connecting_to":	{
			"host":	"172.2.9.2",
			"port":	4545
		},
		"cookie":	"o7mp6oyhpyzifwhdxwm4qkat7goqwqvmhqbk",
		"tcp_mss_default":	1448,
		"target_bitrate":	0,
		"sock_bufsize":	0,
		"sndbuf_actual":	87380,
		"rcvbuf_actual":	87380,
		"test_start":	{
			"protocol":	"TCP",
			"num_streams":	1,
			"blksize":	131072,
			"omit":	0,
			"duration":	10,
			"bytes":	0,
			"blocks":	0,
			"reverse":	0,
			"tos":	0,
			"target_bitrate":	0
		}
	},
	"intervals":	[{
			"streams":	[{
					"socket":	7,
					"start":	0,
					"end":	1.000172,
					"seconds":	1.0001720190048218,
					"bytes":	2316800,
					"bits_per_second":	18531212.279305574,
					"retransmits":	0,
					"snd_cwnd":	399648,
					"snd_wnd":	604160,
					"rtt":	181534,
					"rttvar":	394,
					"pmtu":	1500,
					"omitted":	false,
					"sender":	true
				}],
			"sum":	{
				"start":	0,
				"end":	1.000172,
				"seconds":	1.0001720190048218,
				"bytes":	2316800,
				"bits_per_second":	18531212.279305574,
				"retransmits":	0,
				"omitted":	false,
				"sender":	true
			}
		}, {
			"streams":	[{
					"socket":	7,
					"start":	1.000172,
					"end":	2.000137,
					"seconds":	0.999965012073517,
					"bytes":	16688640,
					"bits_per_second":	133513791.37071696,
					"retransmits":	0,
					"snd_cwnd":	2965504,
					"snd_wnd":	8387584,
					"rtt":	235142,
					"rttvar":	665,
					"pmtu":	1500,
					"omitted":	false,
					"sender":	true
				}],
			"sum":	{
				"start":	1.000172,
				"end":	2.000137,
				"seconds":	0.999965012073517,
				"bytes":	16688640,
				"bits_per_second":	133513791.37071696,
				"retransmits":	0,
				"omitted":	false,
				"sender":	true
			}
		}, {
			"streams":	[{
					"socket":	7,
					"start":	2.000137,
					"end":	3.000154,
					"seconds":	1.0000170469284058,
					"bytes":	11796480,
					"bits_per_second":	94370231.2774238,
					"retransmits":	0,
					"snd_cwnd":	3563528,
					"snd_wnd":	8387584,
					"rtt":	283148,
					"rttvar":	475,
					"pmtu":	1500,
					"omitted":	false,
					"sender":	true
				}],
			"sum":	{
				"start":	2.000137,
				"end":	3.000154,
				"seconds":	1.0000170469284058,
				"bytes":	11796480,
				"bits_per_second":	94370231.2774238,
				"retransmits":	0,
				"omitted":	false,
				"sender":	true
			}
		}, {
			"streams":	[{
					"socket":	7,
					"start":	3.000154,
					"end":	4.000136,
					"seconds":	0.99998199939727783,
					"bytes":	11796480,
					"bits_per_second":	94373538.780579075,
					"retransmits":	0,
					"snd_cwnd":	4161552,
					"snd_wnd":	8387584,
					"rtt":	330733,
					"rttvar":	589,
					"pmtu":	1500,
					"omitted":	false,
					"sender":	true
				}],
			"sum":	{
				"start":	3.000154,
				"end":	4.000136,
				"seconds":	0.99998199939727783,
				"bytes":	11796480,
				"bits_per_second":	94373538.780579075,
				"retransmits":	0,
				"omitted":	false,
				"sender":	true
			}
		}, {
			"streams":	[{
					"socket":	7,
					"start":	4.000136,
					"end":	5.000058,
					"seconds":	0.999921977519989,
					"bytes":	11796480,
					"bits_per_second":	94379203.6995341,
					"retransmits":	0,
					"snd_cwnd":	4759576,
					"snd_wnd":	8387584,
					"rtt":	378122,
					"rttvar":	635,
					"pmtu":	1500,
					"omitted":	false,
					"sender":	true
				}],
			"sum":	{
				"start":	4.000136,
				"end":	5.000058,
				"seconds":	0.999921977519989,
				"bytes":	11796480,
				"bits_per_second":	94379203.6995341,
				"retransmits":	0,
				"omitted":	false,
				"sender":	true
			}
		}, {
			"streams":	[{
					"socket":	7,
					"start":	5.000058,
					"end":	6.000072,
					"seconds":	1.0000139474868774,
					"bytes":	11796480,
					"bits_per_second":	94370523.768358126,
					"retransmits":	0,
					"snd_cwnd":	5357600,
					"snd_wnd":	8387584,
					"rtt":	426069,
					"rttvar":	577,
					"pmtu":	1500,
					"omitted":	false,
					"sender":	true
				}],
			"sum":	{
				"start":	5.000058,
				"end":	6.000072,
				"seconds":	1.0000139474868774,
				"bytes":	11796480,
				"bits_per_second":	94370523.768358126,
				"retransmits":	0,
				"omitted":	false,
				"sender":	true
			}
		}, {
			"streams":	[{
					"socket":	7,
					"start":	6.000072,
					"end":	7.000088,
					"seconds":	1.0000159740448,
					"bytes":	11796480,
					"bits_per_second":	94370332.5240805,
					"retransmits":	0,
					"snd_cwnd":	5951280,
					"snd_wnd":	8387584,
					"rtt":	478206,
					"rttvar":	493,
					"pmtu":	1500,
					"omitted":	false,
					"sender":	true
				}],
			"sum":	{
				"start":	6.000072,
				"end":	7.000088,
				"seconds":	1.0000159740448,
				"bytes":	11796480,
				"bits_per_second":	94370332.5240805,
				"retransmits":	0,
				"omitted":	false,
				"sender":	true
			}
		}, {
			"streams":	[{
					"socket":	7,
					"start":	7.000088,
					"end":	8.000201,
					"seconds":	1.0001130104064941,
					"bytes":	11796480,
					"bits_per_second":	94361176.2051198,
					"retransmits":	0,
					"snd_cwnd":	6549304,
					"snd_wnd":	8387584,
					"rtt":	521308,
					"rttvar":	552,
					"pmtu":	1500,
					"omitted":	false,
					"sender":	true
				}],
			"sum":	{
				"start":	7.000088,
				"end":	8.000201,
				"seconds":	1.0001130104064941,
				"bytes":	11796480,
				"bits_per_second":	94361176.2051198,
				"retransmits":	0,
				"omitted":	false,
				"sender":	true
			}
		}, {
			"streams":	[{
					"socket":	7,
					"start":	8.000201,
					"end":	9.000115,
					"seconds":	0.999913990497589,
					"bytes":	13107200,
					"bits_per_second":	104866619.52576493,
					"retransmits":	0,
					"snd_cwnd":	7147328,
					"snd_wnd":	8387584,
					"rtt":	568234,
					"rttvar":	345,
					"pmtu":	1500,
					"omitted":	false,
					"sender":	true
				}],
			"sum":	{
				"start":	8.000201,
				"end":	9.000115,
				"seconds":	0.999913990497589,
				"bytes":	13107200,
				"bits_per_second":	104866619.52576493,
				"retransmits":	0,
				"omitted":	false,
				"sender":	true
			}
		}, {
			"streams":	[{
					"socket":	7,
					"start":	9.000115,
					"end":	10.000317,
					"seconds":	1.000201940536499,
					"bytes":	7864320,
					"bits_per_second":	62901857.565136515,
					"retransmits":	130,
					"snd_cwnd":	5295336,
					"snd_wnd":	8387584,
					"rtt":	602676,
					"rttvar":	266,
					"pmtu":	1500,
					"omitted":	false,
					"sender":	true
				}],
			"sum":	{
				"start":	9.000115,
				"end":	10.000317,
				"seconds":	1.000201940536499,
				"bytes":	7864320,
				"bits_per_second":	62901857.565136515,
				"retransmits":	130,
				"omitted":	false,
				"sender":	true
			}
		}],
	"end":	{
		"streams":	[{
				"sender":	{
					"socket":	7,
					"start":	0,
					"end":	10.000317,
					"seconds":	10.000317,
					"bytes":	110755840,
					"bits_per_second":	91601863.3209327,
					"retransmits":	4,
					"max_snd_cwnd":	7147328,
					"max_snd_wnd":	8387584,
					"max_rtt":	602676,
					"min_rtt":	181534,
					"mean_rtt":	400517,
					"sender":	true
				},
				"receiver":	{
					"socket":	7,
					"start":	0,
					"end":	10.382661,
					"seconds":	10.000317,
					"bytes":	103213440,
					"bits_per_second":	79527543.083608329,
					"sender":	true
				}
			}],
		"sum_sent":	{
			"start":	0,
			"end":	10.000317,
			"seconds":	10.000317,
			"bytes":	110755840,
			"bits_per_second":	88601863.3209327,
			"retransmits":	130,
			"sender":	true
		},
		"sum_received":	{
			"start":	0,
			"end":	10.382661,
			"seconds":	10.382661,
			"bytes":	103213440,
			"bits_per_second":	79527543.083608329,
			"sender":	true
		},
		"cpu_utilization_percent":	{
			"host_total":	2.0406700956434243,
			"host_user":	0.34694466467870372,
			"host_system":	1.693706795559071,
			"remote_total":	2.2278394939254484,